trade_id,entry_time_utc,entry_time_london,trade_type,entry_price,stop_loss,take_profit,risk,exit_time,exit_price,exit_reason,result,pnl,pnl_pips,balance_before,balance_after,entry_index,risk_amount,r_multiple,equity,equity_peak,drawdown,drawdown_pct,holding_hours,holding_days,trade_month
1,2025-02-21 08:00:00+00:00,2025-02-21 08:00:00+00:00,SELL,1.047675,1.0507549999999999,1.041515,0.0030799999999999716,2025-02-24 01:00:00+00:00,1.0507549999999999,Stop Loss,LOSS,-100.0,-30.8,10000,9900.0,14,100.0,-1,9900.0,9900.0,0.0,0.0,65.0,2.7083333333333335,2025-02
2,2025-02-24 14:00:00+00:00,2025-02-24 14:00:00+00:00,SELL,1.046055,1.04875,1.0406649999999997,0.002695000000000114,2025-02-25 11:00:00+00:00,1.04875,Stop Loss,LOSS,-99.0,-27.0,9900.0,9801.0,44,99.0,-1,9801.0,9900.0,-99.0,-1.0,21.0,0.875,2025-02
3,2025-02-25 11:00:00+00:00,2025-02-25 11:00:00+00:00,BUY,1.04894,1.04577,1.0552799999999998,0.003169999999999895,2025-02-27 13:00:00+00:00,1.04577,Stop Loss,LOSS,-98.01,-31.7,9801.0,9702.99,65,98.01,-1,9702.99,9900.0,-197.01000000000022,-1.9900000000000022,50.0,2.0833333333333335,2025-02
4,2025-02-26 12:00:00+00:00,2025-02-26 12:00:00+00:00,SELL,1.04767,1.05258,1.0378500000000002,0.00490999999999997,2025-02-28 18:00:00+00:00,1.0378500000000002,Take Profit,WIN,194.06,98.2,9702.99,9897.05,90,97.03,2,9897.05,9900.0,-2.9500000000007276,-0.02979797979798715,54.0,2.25,2025-02
5,2025-02-27 08:00:00+00:00,2025-02-27 08:00:00+00:00,SELL,1.04785,1.05264,1.0382699999999998,0.004790000000000072,2025-02-28 02:00:00+00:00,1.0382699999999998,Take Profit,WIN,197.94,95.8,9897.05,10094.99,110,98.97,2,10094.99,10094.99,0.0,0.0,18.0,0.75,2025-02
6,2025-03-03 09:00:00+00:00,2025-03-03 09:00:00+00:00,BUY,1.0427149999999998,1.039695,1.0487549999999994,0.0030199999999998006,2025-03-03 14:00:00+00:00,1.0487549999999994,Take Profit,WIN,201.9,60.4,10094.99,10296.89,159,100.95,2,10296.89,10296.89,0.0,0.0,5.0,0.20833333333333334,2025-03
7,2025-03-04 08:00:00+00:00,2025-03-04 08:00:00+00:00,BUY,1.051905,1.0464149999999999,1.0628850000000005,0.005490000000000217,2025-03-04 23:00:00+00:00,1.0628850000000005,Take Profit,WIN,205.94,109.8,10296.89,10502.83,182,102.97,2,10502.83,10502.83,0.0,0.0,15.0,0.625,2025-03
8,2025-03-05 08:00:00+00:00,2025-03-05 08:00:00+00:00,BUY,1.069795,1.049585,1.1102150000000002,0.02021000000000006,2025-04-03 10:00:00+00:00,1.1102150000000002,Take Profit,WIN,210.06,404.2,10502.83,10712.88,206,105.03,2,10712.88,10712.88,0.0,0.0,698.0,29.083333333333332,2025-03
9,2025-03-06 08:00:00+00:00,2025-03-06 08:00:00+00:00,BUY,1.0801349999999998,1.0738400000000001,1.0927249999999993,0.0062949999999997175,2025-03-11 13:00:00+00:00,1.0927249999999993,Take Profit,WIN,214.26,125.9,10712.88,10927.14,230,107.13,2,10927.14,10927.14,0.0,0.0,125.0,5.208333333333333,2025-03
10,2025-03-07 09:00:00+00:00,2025-03-07 09:00:00+00:00,BUY,1.08614,1.0763,1.1058200000000002,0.009840000000000071,2025-03-26 17:00:00+00:00,1.0763,Stop Loss,LOSS,-109.27,-98.4,10927.14,10817.87,255,109.27,-1,10817.87,10927.14,-109.26999999999862,-0.9999871878643325,464.0,19.333333333333332,2025-03
11,2025-03-10 08:00:00+00:00,2025-03-10 08:00:00+00:00,SELL,1.08101,1.086725,1.0695800000000002,0.005714999999999915,2025-03-10 10:00:00+00:00,1.086725,Stop Loss,LOSS,-108.18,-57.1,10817.87,10709.69,279,108.18,-1,10709.69,10927.14,-217.4499999999989,-1.9899992129687998,2.0,0.08333333333333333,2025-03
12,2025-03-11 08:00:00+00:00,2025-03-11 08:00:00+00:00,BUY,1.09172,1.08156,1.11204,0.010159999999999947,2025-03-20 13:00:00+00:00,1.08156,Stop Loss,LOSS,-107.1,-101.6,10709.69,10602.6,303,107.1,-1,10602.6,10927.14,-324.53999999999905,-2.9700360753133856,221.0,9.208333333333334,2025-03
13,2025-03-12 10:00:00+00:00,2025-03-12 10:00:00+00:00,SELL,1.09062,1.0950199999999999,1.08182,0.0043999999999999595,2025-03-18 08:00:00+00:00,1.0950199999999999,Stop Loss,LOSS,-106.03,-44.0,10602.6,10496.57,329,106.03,-1,10496.57,10927.14,-430.5699999999997,-3.9403723206621284,142.0,5.916666666666667,2025-03
14,2025-03-13 08:00:00+00:00,2025-03-13 08:00:00+00:00,SELL,1.087335,1.092855,1.076295,0.005519999999999969,2025-03-17 15:00:00+00:00,1.092855,Stop Loss,LOSS,-104.97,-55.2,10496.57,10391.6,351,104.97,-1,10391.6,10927.14,-535.539999999999,-4.901007949015012,103.0,4.291666666666667,2025-03
15,2025-03-14 10:00:00+00:00,2025-03-14 10:00:00+00:00,BUY,1.08951,1.0844449999999999,1.0996400000000002,0.005065000000000097,2025-03-20 09:00:00+00:00,1.0844449999999999,Stop Loss,LOSS,-103.92,-50.7,10391.6,10287.69,377,103.92,-1,10287.69,10927.14,-639.4499999999989,-5.851942960372055,143.0,5.958333333333333,2025-03
16,2025-03-17 09:00:00+00:00,2025-03-17 09:00:00+00:00,BUY,1.089985,1.087215,1.0955249999999999,0.002769999999999939,2025-03-19 17:00:00+00:00,1.087215,Stop Loss,LOSS,-102.88,-27.7,10287.69,10184.81,400,102.88,-1,10184.81,10927.14,-742.3299999999999,-6.793451900497294,56.0,2.3333333333333335,2025-03
17,2025-03-18 08:00:00+00:00,2025-03-18 08:00:00+00:00,BUY,1.095145,1.0909449999999998,1.1035450000000004,0.004200000000000204,2025-03-18 12:00:00+00:00,1.0909449999999998,Stop Loss,LOSS,-101.85,-42.0,10184.81,10082.96,423,101.85,-1,10082.96,10927.14,-844.1800000000003,-7.725534769390713,4.0,0.16666666666666666,2025-03
18,2025-03-19 13:00:00+00:00,2025-03-19 13:00:00+00:00,SELL,1.0894499999999998,1.09541,1.0775299999999994,0.005960000000000187,2025-03-26 13:00:00+00:00,1.0775299999999994,Take Profit,WIN,201.66,119.2,10082.96,10284.62,452,100.83,2,10284.62,10927.14,-642.5199999999986,-5.880038143558138,168.0,7.0,2025-03
19,2025-03-20 09:00:00+00:00,2025-03-20 09:00:00+00:00,SELL,1.08522,1.09161,1.0724400000000003,0.006389999999999896,2025-04-03 01:00:00+00:00,1.09161,Stop Loss,LOSS,-102.85,-63.9,10284.62,10181.78,472,102.85,-1,10181.78,10927.14,-745.3599999999988,-6.821181022664657,328.0,13.666666666666666,2025-03
20,2025-03-21 14:00:00+00:00,2025-03-21 14:00:00+00:00,SELL,1.08237,1.08621,1.0746900000000004,0.0038399999999998435,2025-03-26 19:00:00+00:00,1.0746900000000004,Take Profit,WIN,203.64,76.8,10181.78,10385.41,501,101.82,2,10385.41,10927.14,-541.7299999999996,-4.957655891660577,125.0,5.208333333333333,2025-03
21,2025-03-24 08:00:00+00:00,2025-03-24 08:00:00+00:00,BUY,1.08431,1.081055,1.0908200000000001,0.003255000000000008,2025-03-24 13:00:00+00:00,1.081055,Stop Loss,LOSS,-103.85,-32.6,10385.41,10281.56,519,103.85,-1,10281.56,10927.14,-645.5799999999999,-5.908041811489557,5.0,0.20833333333333334,2025-03
22,2025-03-25 10:00:00+00:00,2025-03-25 10:00:00+00:00,BUY,1.08202,1.07797,1.0901199999999998,0.004049999999999887,2025-03-26 05:00:00+00:00,1.07797,Stop Loss,LOSS,-102.82,-40.5,10281.56,10178.74,545,102.82,-1,10178.74,10927.14,-748.3999999999996,-6.849001660086716,19.0,0.7916666666666666,2025-03
23,2025-03-26 12:00:00+00:00,2025-03-26 12:00:00+00:00,SELL,1.07844,1.08211,1.0711000000000004,0.00366999999999984,2025-03-28 14:00:00+00:00,1.08211,Stop Loss,LOSS,-101.79,-36.7,10178.74,10076.95,571,101.79,-1,10076.95,10927.14,-850.1899999999987,-7.780535437452057,50.0,2.0833333333333335,2025-03
24,2025-03-28 08:00:00+00:00,2025-03-28 08:00:00+00:00,SELL,1.077835,1.082185,1.0691350000000004,0.004349999999999854,2025-03-28 14:00:00+00:00,1.082185,Stop Loss,LOSS,-100.77,-43.5,10076.95,9976.18,615,100.77,-1,9976.18,10927.14,-950.9599999999991,-8.702734658840274,6.0,0.25,2025-03
25,2025-03-31 07:00:00+00:00,2025-03-31 08:00:00+01:00,BUY,1.08317,1.08037,1.0887699999999998,0.0027999999999999137,2025-03-31 12:00:00+00:00,1.08037,Stop Loss,LOSS,-99.76,-28.0,9976.18,9876.42,638,99.76,-1,9876.42,10927.14,-1050.7199999999993,-9.615690839506032,5.0,0.20833333333333334,2025-03
26,2025-04-01 11:00:00+00:00,2025-04-01 12:00:00+01:00,SELL,1.0781200000000002,1.0823,1.0697600000000005,0.0041799999999998505,2025-04-02 13:00:00+00:00,1.0823,Stop Loss,LOSS,-98.76,-41.8,9876.42,9777.66,666,98.76,-1,9777.66,10927.14,-1149.4799999999996,-10.519495494704008,26.0,1.0833333333333333,2025-04
27,2025-04-02 12:00:00+00:00,2025-04-02 13:00:00+01:00,BUY,1.081915,1.078285,1.089175,0.003630000000000022,2025-04-02 20:00:00+00:00,1.089175,Take Profit,WIN,195.55,72.6,9777.66,9973.21,691,97.78,2,9973.21,10927.14,-953.9300000000003,-8.729914689479592,8.0,0.3333333333333333,2025-04
28,2025-04-03 07:00:00+00:00,2025-04-03 08:00:00+01:00,BUY,1.097085,1.080295,1.1306650000000003,0.016790000000000083,2025-04-11 00:00:00+00:00,1.1306650000000003,Take Profit,WIN,199.46,335.8,9973.21,10172.68,710,99.73,2,10172.68,10927.14,-754.4599999999991,-6.9044599044214605,185.0,7.708333333333333,2025-04
29,2025-04-04 07:00:00+00:00,2025-04-04 08:00:00+01:00,SELL,1.100425,1.112085,1.077105,0.011660000000000004,2025-04-10 12:00:00+00:00,1.112085,Stop Loss,LOSS,-101.73,-116.6,10172.68,10070.95,734,101.73,-1,10070.95,10927.14,-856.1899999999987,-7.835444590258739,149.0,6.208333333333333,2025-04
30,2025-04-07 07:00:00+00:00,2025-04-07 08:00:00+01:00,BUY,1.10007,1.08796,1.1242900000000002,0.012110000000000065,2025-04-10 23:00:00+00:00,1.1242900000000002,Take Profit,WIN,201.42,242.2,10070.95,10272.37,758,100.71,2,10272.37,10927.14,-654.7699999999986,-5.992144330538445,88.0,3.6666666666666665,2025-04
31,2025-04-09 07:00:00+00:00,2025-04-09 08:00:00+01:00,BUY,1.101535,1.08948,1.1256449999999998,0.012054999999999927,2025-04-10 23:00:00+00:00,1.1256449999999998,Take Profit,WIN,205.45,241.1,10272.37,10477.82,806,102.72,2,10477.82,10927.14,-449.3199999999997,-4.111963423183008,40.0,1.6666666666666667,2025-04
32,2025-04-10 10:00:00+00:00,2025-04-10 11:00:00+01:00,BUY,1.10798,1.091385,1.1411699999999998,0.016594999999999915,2025-04-11 08:00:00+00:00,1.1411699999999998,Take Profit,WIN,209.56,331.9,10477.82,10687.37,833,104.78,2,10687.37,10927.14,-239.76999999999862,-2.1942612614096517,22.0,0.9166666666666666,2025-04
33,2025-04-11 07:00:00+00:00,2025-04-11 08:00:00+01:00,BUY,1.13645,1.115115,1.1791199999999997,0.021334999999999882,2025-05-12 07:00:00+00:00,1.115115,Stop Loss,LOSS,-106.87,-213.3,10687.37,10580.5,854,106.87,-1,10580.5,10927.14,-346.6399999999994,-3.172284788151332,744.0,31.0,2025-04
34,2025-04-14 07:00:00+00:00,2025-04-14 08:00:00+01:00,BUY,1.139,1.13134,1.15432,0.00766,2025-04-14 13:00:00+00:00,1.13134,Stop Loss,LOSS,-105.8,-76.6,10580.5,10474.69,878,105.8,-1,10474.69,10927.14,-452.4499999999989,-4.140607697897153,6.0,0.25,2025-04
35,2025-04-15 11:00:00+00:00,2025-04-15 12:00:00+01:00,SELL,1.132655,1.13827,1.1214250000000001,0.005614999999999926,2025-04-16 06:00:00+00:00,1.13827,Stop Loss,LOSS,-104.75,-56.1,10474.69,10369.95,906,104.75,-1,10369.95,10927.14,-557.1899999999987,-5.099138475392452,19.0,0.7916666666666666,2025-04
36,2025-04-16 07:00:00+00:00,2025-04-16 08:00:00+01:00,BUY,1.138705,1.12636,1.1633950000000002,0.01234500000000005,2025-05-08 15:00:00+00:00,1.12636,Stop Loss,LOSS,-103.7,-123.5,10369.95,10266.25,926,103.7,-1,10266.25,10927.14,-660.8899999999994,-6.048151666401267,536.0,22.333333333333332,2025-04
37,2025-04-17 11:00:00+00:00,2025-04-17 12:00:00+01:00,SELL,1.13567,1.141505,1.1239999999999999,0.005835000000000035,2025-04-20 21:00:00+00:00,1.141505,Stop Loss,LOSS,-102.66,-58.4,10266.25,10163.58,954,102.66,-1,10163.58,10927.14,-763.5599999999995,-6.987738786178264,82.0,3.4166666666666665,2025-04
38,2025-04-18 11:00:00+00:00,2025-04-18 12:00:00+01:00,BUY,1.1381199999999998,1.13393,1.1464999999999992,0.004189999999999694,2025-04-21 00:00:00+00:00,1.1464999999999992,Take Profit,WIN,203.27,83.8,10163.58,10366.86,978,101.64,2,10366.86,10927.14,-560.2799999999988,-5.127416689087894,61.0,2.5416666666666665,2025-04
39,2025-04-21 07:00:00+00:00,2025-04-21 08:00:00+01:00,BUY,1.15556,1.13921,1.1882599999999996,0.016349999999999865,2025-04-22 21:00:00+00:00,1.13921,Stop Loss,LOSS,-103.67,-163.5,10366.86,10263.19,998,103.67,-1,10263.19,10927.14,-663.9499999999989,-6.07615533433267,38.0,1.5833333333333333,2025-04
40,2025-04-22 12:00:00+00:00,2025-04-22 13:00:00+01:00,SELL,1.147035,1.1529749999999999,1.1351550000000004,0.005939999999999834,2025-04-22 22:00:00+00:00,1.1351550000000004,Take Profit,WIN,205.26,118.8,10263.19,10468.45,1027,102.63,2,10468.45,10927.14,-458.6899999999987,-4.1977132168160995,10.0,0.4166666666666667,2025-04
41,2025-04-24 09:00:00+00:00,2025-04-24 10:00:00+01:00,BUY,1.138445,1.13086,1.1536149999999998,0.007584999999999953,2025-05-01 01:00:00+00:00,1.13086,Stop Loss,LOSS,-104.68,-75.8,10468.45,10363.77,1072,104.68,-1,10363.77,10927.14,-563.369999999999,-5.155694902783336,160.0,6.666666666666667,2025-04
42,2025-04-25 09:00:00+00:00,2025-04-25 10:00:00+01:00,SELL,1.134625,1.140085,1.123705,0.00546000000000002,2025-04-28 14:00:00+00:00,1.140085,Stop Loss,LOSS,-103.64,-54.6,10363.77,10260.13,1096,103.64,-1,10260.13,10927.14,-667.0100000000002,-6.1041590022640895,77.0,3.2083333333333335,2025-04
43,2025-04-28 14:00:00+00:00,2025-04-28 15:00:00+01:00,BUY,1.137865,1.1338899999999998,1.145815,0.003975000000000062,2025-04-30 15:00:00+00:00,1.1338899999999998,Stop Loss,LOSS,-102.6,-39.8,10260.13,10157.53,1125,102.6,-1,10157.53,10927.14,-769.6099999999988,-7.043105515258327,49.0,2.0416666666666665,2025-04
44,2025-04-30 08:00:00+00:00,2025-04-30 09:00:00+01:00,SELL,1.13713,1.142085,1.1272199999999999,0.004955000000000043,2025-05-01 14:00:00+00:00,1.1272199999999999,Take Profit,WIN,203.15,99.1,10157.53,10360.68,1167,101.58,2,10360.68,10927.14,-566.4599999999991,-5.183973116478778,30.0,1.25,2025-04
45,2025-05-01 07:00:00+00:00,2025-05-01 08:00:00+01:00,SELL,1.1310099999999998,1.13747,1.1180899999999996,0.006460000000000132,2025-05-02 13:00:00+00:00,1.13747,Stop Loss,LOSS,-103.61,-64.6,10360.68,10257.07,1190,103.61,-1,10257.07,10927.14,-670.0699999999997,-6.132162670195493,30.0,1.25,2025-05
46,2025-05-02 07:00:00+00:00,2025-05-02 08:00:00+01:00,BUY,1.132835,1.1263500000000002,1.1458049999999997,0.006484999999999852,2025-05-08 15:00:00+00:00,1.1263500000000002,Stop Loss,LOSS,-102.57,-64.8,10257.07,10154.5,1214,102.57,-1,10154.5,10927.14,-772.6399999999994,-7.070834637425707,152.0,6.333333333333333,2025-05
47,2025-05-05 09:00:00+00:00,2025-05-05 10:00:00+01:00,BUY,1.134125,1.1292000000000002,1.1439749999999997,0.004924999999999846,2025-05-06 00:00:00+00:00,1.1292000000000002,Stop Loss,LOSS,-101.55,-49.2,10154.5,10052.96,1240,101.55,-1,10052.96,10927.14,-874.1800000000003,-8.00008053342412,15.0,0.625,2025-05
48,2025-05-06 12:00:00+00:00,2025-05-06 13:00:00+01:00,BUY,1.134055,1.1295600000000001,1.1430449999999999,0.004494999999999916,2025-05-07 20:00:00+00:00,1.1295600000000001,Stop Loss,LOSS,-100.53,-44.9,10052.96,9952.43,1267,100.53,-1,9952.43,10927.14,-974.7099999999991,-8.920083388700055,32.0,1.3333333333333333,2025-05
49,2025-05-08 08:00:00+00:00,2025-05-08 09:00:00+01:00,SELL,1.128795,1.137025,1.112335,0.00822999999999996,2025-05-12 07:00:00+00:00,1.112335,Take Profit,WIN,199.05,164.6,9952.43,10151.47,1311,99.52,2,10151.47,10927.14,-775.6700000000001,-7.0985637595930875,95.0,3.9583333333333335,2025-05
50,2025-05-12 07:00:00+00:00,2025-05-12 08:00:00+01:00,SELL,1.11051,1.12385,1.0838300000000003,0.013339999999999907,2025-05-14 08:00:00+00:00,1.12385,Stop Loss,LOSS,-101.51,-133.4,10151.47,10049.96,1358,101.51,-1,10049.96,10927.14,-877.1800000000003,-8.027535109827461,49.0,2.0416666666666665,2025-05
51,2025-05-13 12:00:00+00:00,2025-05-13 13:00:00+01:00,BUY,1.113065,1.106385,1.126425,0.006680000000000019,2025-05-19 09:00:00+00:00,1.126425,Take Profit,WIN,201.0,133.6,10049.96,10250.96,1387,100.5,2,10250.96,10927.14,-676.1800000000003,-6.188078490803635,141.0,5.875,2025-05
52,2025-05-14 07:00:00+00:00,2025-05-14 08:00:00+01:00,BUY,1.121505,1.1155,1.133515,0.006005000000000038,2025-05-16 14:00:00+00:00,1.1155,Stop Loss,LOSS,-102.51,-60.1,10250.96,10148.45,1406,102.51,-1,10148.45,10927.14,-778.6899999999987,-7.1262013665057715,55.0,2.2916666666666665,2025-05
53,2025-05-16 07:00:00+00:00,2025-05-16 08:00:00+01:00,BUY,1.12087,1.11678,1.1290499999999999,0.004089999999999927,2025-05-16 14:00:00+00:00,1.11678,Stop Loss,LOSS,-101.48,-40.9,10148.45,10046.97,1454,101.48,-1,10046.97,10927.14,-880.1700000000001,-8.054898170976122,7.0,0.2916666666666667,2025-05
54,2025-05-19 07:00:00+00:00,2025-05-19 08:00:00+01:00,BUY,1.1238450000000002,1.117085,1.1373650000000004,0.006760000000000099,2025-05-25 22:00:00+00:00,1.1373650000000004,Take Profit,WIN,200.94,135.2,10046.97,10247.9,1478,100.47,2,10247.9,10927.14,-679.2399999999998,-6.2160821587350386,159.0,6.625,2025-05
55,2025-05-20 07:00:00+00:00,2025-05-20 08:00:00+01:00,BUY,1.12764,1.122145,1.13863,0.005495000000000028,2025-05-26 00:00:00+00:00,1.13863,Take Profit,WIN,204.96,109.9,10247.9,10452.86,1502,102.48,2,10452.86,10927.14,-474.27999999999884,-4.340385498858795,137.0,5.708333333333333,2025-05
56,2025-05-21 07:00:00+00:00,2025-05-21 08:00:00+01:00,BUY,1.132345,1.124335,1.1483649999999996,0.00800999999999985,2025-05-28 23:00:00+00:00,1.124335,Stop Loss,LOSS,-104.53,-80.1,10452.86,10348.33,1526,104.53,-1,10348.33,10927.14,-578.8099999999995,-5.2969944560058675,184.0,7.666666666666667,2025-05
57,2025-05-22 08:00:00+00:00,2025-05-22 09:00:00+01:00,SELL,1.130205,1.136325,1.1179649999999997,0.006120000000000125,2025-05-23 11:00:00+00:00,1.136325,Stop Loss,LOSS,-103.48,-61.2,10348.33,10244.85,1551,103.48,-1,10244.85,10927.14,-682.289999999999,-6.243994311411761,27.0,1.125,2025-05
58,2025-05-23 07:00:00+00:00,2025-05-23 08:00:00+01:00,BUY,1.13396,1.125415,1.1510500000000001,0.008545000000000025,2025-05-28 23:00:00+00:00,1.125415,Stop Loss,LOSS,-102.45,-85.5,10244.85,10142.4,1574,102.45,-1,10142.4,10927.14,-784.7399999999998,-7.181568095585851,136.0,5.666666666666667,2025-05
59,2025-05-26 07:00:00+00:00,2025-05-26 08:00:00+01:00,BUY,1.138925,1.1359350000000001,1.1449049999999996,0.002989999999999826,2025-05-27 07:00:00+00:00,1.1359350000000001,Stop Loss,LOSS,-101.42,-29.9,10142.4,10040.98,1598,101.42,-1,10040.98,10927.14,-886.1599999999999,-8.109715808528122,24.0,1.0,2025-05
60,2025-05-27 07:00:00+00:00,2025-05-27 08:00:00+01:00,SELL,1.134085,1.1397,1.1228550000000002,0.005614999999999926,2025-05-28 23:00:00+00:00,1.1228550000000002,Take Profit,WIN,200.82,112.3,10040.98,10241.8,1622,100.41,2,10241.8,10927.14,-685.3400000000001,-6.2719064640885005,40.0,1.6666666666666667,2025-05
61,2025-05-28 11:00:00+00:00,2025-05-28 12:00:00+01:00,SELL,1.13178,1.134295,1.12675,0.002515000000000045,2025-05-28 23:00:00+00:00,1.12675,Take Profit,WIN,204.84,50.3,10241.8,10446.63,1650,102.42,2,10446.63,10927.14,-480.5100000000002,-4.397399502523077,12.0,0.5,2025-05
62,2025-05-29 12:00:00+00:00,2025-05-29 13:00:00+01:00,BUY,1.1349550000000002,1.120755,1.1633550000000006,0.014200000000000212,2025-06-24 14:00:00+00:00,1.1633550000000006,Take Profit,WIN,208.93,284.0,10446.63,10655.57,1675,104.47,2,10655.57,10927.14,-271.5699999999997,-2.485279771285073,626.0,26.083333333333332,2025-05
63,2025-05-30 07:00:00+00:00,2025-05-30 08:00:00+01:00,SELL,1.133795,1.1386749999999999,1.1240350000000006,0.004879999999999773,2025-06-02 06:00:00+00:00,1.1386749999999999,Stop Loss,LOSS,-106.56,-48.8,10655.57,10549.01,1694,106.56,-1,10549.01,10927.14,-378.1299999999992,-3.4604663251317294,71.0,2.9583333333333335,2025-05
64,2025-06-02 07:00:00+00:00,2025-06-02 08:00:00+01:00,BUY,1.1423800000000002,1.13432,1.1585000000000005,0.008060000000000178,2025-06-12 10:00:00+00:00,1.1585000000000005,Take Profit,WIN,210.98,161.2,10549.01,10759.99,1718,105.49,2,10759.99,10927.14,-167.14999999999964,-1.5296774819394612,243.0,10.125,2025-06
65,2025-06-03 08:00:00+00:00,2025-06-03 09:00:00+01:00,SELL,1.14118,1.1456899999999999,1.1321600000000005,0.004509999999999792,2025-06-05 13:00:00+00:00,1.1456899999999999,Stop Loss,LOSS,-107.6,-45.1,10759.99,10652.39,1743,107.6,-1,10652.39,10927.14,-274.75,-2.5143816222726167,53.0,2.2083333333333335,2025-06
66,2025-06-04 08:00:00+00:00,2025-06-04 09:00:00+01:00,BUY,1.139965,1.136525,1.1468449999999997,0.0034399999999998876,2025-06-05 13:00:00+00:00,1.1468449999999997,Take Profit,WIN,213.05,68.8,10652.39,10865.44,1767,106.52,2,10865.44,10927.14,-61.69999999999891,-0.5646491213620298,29.0,1.2083333333333333,2025-06
67,2025-06-05 13:00:00+00:00,2025-06-05 14:00:00+01:00,BUY,1.148055,1.140805,1.162555,0.007249999999999979,2025-06-06 12:00:00+00:00,1.140805,Stop Loss,LOSS,-108.65,-72.5,10865.44,10756.78,1796,108.65,-1,10756.78,10927.14,-170.35999999999876,-1.5590538786910277,23.0,0.9583333333333334,2025-06
68,2025-06-06 07:00:00+00:00,2025-06-06 08:00:00+01:00,SELL,1.142695,1.146145,1.135795,0.003449999999999953,2025-06-11 12:00:00+00:00,1.146145,Stop Loss,LOSS,-107.57,-34.5,10756.78,10649.22,1814,107.57,-1,10649.22,10927.14,-277.9200000000001,-2.543391958005481,125.0,5.208333333333333,2025-06
69,2025-06-09 07:00:00+00:00,2025-06-09 08:00:00+01:00,BUY,1.142245,1.13893,1.1488749999999999,0.003314999999999957,2025-06-09 13:00:00+00:00,1.13893,Stop Loss,LOSS,-106.49,-33.1,10649.22,10542.72,1838,106.49,-1,10542.72,10927.14,-384.4200000000001,-3.5180294203240745,6.0,0.25,2025-06
70,2025-06-10 07:00:00+00:00,2025-06-10 08:00:00+01:00,SELL,1.1392250000000002,1.14334,1.1309950000000004,0.004114999999999869,2025-06-10 12:00:00+00:00,1.14334,Stop Loss,LOSS,-105.43,-41.1,10542.72,10437.3,1862,105.43,-1,10437.3,10927.14,-489.84000000000015,-4.482783235137466,5.0,0.20833333333333334,2025-06
71,2025-06-11 12:00:00+00:00,2025-06-11 13:00:00+01:00,BUY,1.14607,1.1413900000000001,1.1554299999999995,0.0046799999999997954,2025-06-12 09:00:00+00:00,1.1554299999999995,Take Profit,WIN,208.75,93.6,10437.3,10646.04,1891,104.37,2,10646.04,10927.14,-281.09999999999854,-2.572493808993008,21.0,0.875,2025-06
72,2025-06-12 07:00:00+00:00,2025-06-12 08:00:00+01:00,BUY,1.152645,1.1473350000000002,1.1632649999999993,0.005309999999999704,2025-06-18 19:00:00+00:00,1.1473350000000002,Stop Loss,LOSS,-106.46,-53.1,10646.04,10539.58,1910,106.46,-1,10539.58,10927.14,-387.5599999999995,-3.5467652102928993,156.0,6.5,2025-06
73,2025-06-13 07:00:00+00:00,2025-06-13 08:00:00+01:00,SELL,1.15356,1.161175,1.1383299999999996,0.007615000000000149,2025-06-16 14:00:00+00:00,1.161175,Stop Loss,LOSS,-105.4,-76.2,10539.58,10434.19,1934,105.4,-1,10434.19,10927.14,-492.9499999999989,-4.511244479342252,79.0,3.2916666666666665,2025-06
74,2025-06-16 07:00:00+00:00,2025-06-16 08:00:00+01:00,BUY,1.15788,1.1523700000000001,1.1688999999999998,0.005509999999999904,2025-06-17 14:00:00+00:00,1.1523700000000001,Stop Loss,LOSS,-104.34,-55.1,10434.19,10329.85,1958,104.34,-1,10329.85,10927.14,-597.289999999999,-5.466114646650442,31.0,1.2916666666666667,2025-06
75,2025-06-17 12:00:00+00:00,2025-06-17 13:00:00+01:00,SELL,1.155045,1.1595849999999999,1.1459650000000006,0.0045399999999997664,2025-06-19 01:00:00+00:00,1.1459650000000006,Take Profit,WIN,206.6,90.8,10329.85,10536.44,1987,103.3,2,10536.44,10927.14,-390.6999999999989,-3.5755010002617236,37.0,1.5416666666666667,2025-06
76,2025-06-19 07:00:00+00:00,2025-06-19 08:00:00+01:00,SELL,1.146175,1.153265,1.1319949999999999,0.007090000000000041,2025-06-20 10:00:00+00:00,1.153265,Stop Loss,LOSS,-105.36,-70.9,10536.44,10431.08,2030,105.36,-1,10431.08,10927.14,-496.0599999999995,-4.539705723547054,27.0,1.125,2025-06
77,2025-06-20 07:00:00+00:00,2025-06-20 08:00:00+01:00,BUY,1.151655,1.145195,1.1645750000000004,0.006460000000000132,2025-06-25 18:00:00+00:00,1.1645750000000004,Take Profit,WIN,208.62,129.2,10431.08,10639.7,2054,104.31,2,10639.7,10927.14,-287.4399999999987,-2.6305144804587357,131.0,5.458333333333333,2025-06
78,2025-06-23 14:00:00+00:00,2025-06-23 15:00:00+01:00,BUY,1.153085,1.1454550000000001,1.1683449999999995,0.007629999999999804,2025-06-25 23:00:00+00:00,1.1683449999999995,Take Profit,WIN,212.79,152.6,10639.7,10852.49,2085,106.4,2,10852.49,10927.14,-74.64999999999964,-0.6831613761697904,57.0,2.375,2025-06
79,2025-06-24 09:00:00+00:00,2025-06-24 10:00:00+01:00,BUY,1.160975,1.151975,1.1789750000000003,0.009000000000000119,2025-06-30 22:00:00+00:00,1.1789750000000003,Take Profit,WIN,217.05,180.0,10852.49,11069.54,2104,108.52,2,11069.54,11069.54,0.0,0.0,157.0,6.541666666666667,2025-06
80,2025-06-25 07:00:00+00:00,2025-06-25 08:00:00+01:00,SELL,1.159885,1.163745,1.152165,0.0038599999999999746,2025-06-25 17:00:00+00:00,1.163745,Stop Loss,LOSS,-110.7,-38.6,11069.54,10958.85,2126,110.7,-1,10958.85,11069.54,-110.69000000000051,-0.9999512174851033,10.0,0.4166666666666667,2025-06
81,2025-06-26 07:00:00+00:00,2025-06-26 08:00:00+01:00,BUY,1.171035,1.161425,1.1902550000000003,0.009610000000000118,2025-07-15 15:00:00+00:00,1.161425,Stop Loss,LOSS,-109.59,-96.1,10958.85,10849.26,2150,109.59,-1,10849.26,11069.54,-220.28000000000065,-1.9899652560088372,464.0,19.333333333333332,2025-06
82,2025-06-27 12:00:00+00:00,2025-06-27 13:00:00+01:00,BUY,1.174705,1.167805,1.1885050000000004,0.006900000000000128,2025-07-10 14:00:00+00:00,1.167805,Stop Loss,LOSS,-108.49,-69.0,10849.26,10740.77,2179,108.49,-1,10740.77,11069.54,-328.77000000000044,-2.970042115571202,314.0,13.083333333333334,2025-06
83,2025-06-30 09:00:00+00:00,2025-06-30 10:00:00+01:00,SELL,1.17196,1.17413,1.1676199999999999,0.0021700000000000053,2025-06-30 14:00:00+00:00,1.17413,Stop Loss,LOSS,-107.41,-21.7,10740.77,10633.36,2200,107.41,-1,10633.36,11069.54,-436.1800000000003,-3.9403624721533164,5.0,0.20833333333333334,2025-06
84,2025-07-01 08:00:00+00:00,2025-07-01 09:00:00+01:00,BUY,1.180465,1.1734000000000002,1.1945949999999999,0.007064999999999877,2025-07-03 12:00:00+00:00,1.1734000000000002,Stop Loss,LOSS,-106.33,-70.6,10633.36,10527.03,2223,106.33,-1,10527.03,11069.54,-542.5100000000002,-4.900926325755182,52.0,2.1666666666666665,2025-07
85,2025-07-02 11:00:00+00:00,2025-07-02 12:00:00+01:00,SELL,1.174975,1.1809399999999999,1.1630450000000006,0.005964999999999776,2025-07-03 01:00:00+00:00,1.1809399999999999,Stop Loss,LOSS,-105.27,-59.6,10527.03,10421.75,2250,105.27,-1,10421.75,11069.54,-647.7900000000009,-5.852004690348477,14.0,0.5833333333333334,2025-07
86,2025-07-03 12:00:00+00:00,2025-07-03 13:00:00+01:00,SELL,1.17384,1.180595,1.1603299999999999,0.0067550000000000665,2025-07-15 15:00:00+00:00,1.1603299999999999,Take Profit,WIN,208.44,135.1,10421.75,10630.19,2275,104.22,2,10630.19,11069.54,-439.35000000000036,-3.9689996151601634,291.0,12.125,2025-07
87,2025-07-04 08:00:00+00:00,2025-07-04 09:00:00+01:00,BUY,1.17746,1.17373,1.18492,0.003730000000000011,2025-07-07 08:00:00+00:00,1.17373,Stop Loss,LOSS,-106.3,-37.3,10630.19,10523.89,2295,106.3,-1,10523.89,11069.54,-545.6500000000015,-4.929292454790366,72.0,3.0,2025-07
88,2025-07-07 07:00:00+00:00,2025-07-07 08:00:00+01:00,SELL,1.17457,1.17874,1.1662299999999999,0.004170000000000007,2025-07-13 21:00:00+00:00,1.1662299999999999,Take Profit,WIN,210.48,83.4,10523.89,10734.37,2318,105.24,2,10734.37,11069.54,-335.1700000000001,-3.027858429528237,158.0,6.583333333333333,2025-07
89,2025-07-08 07:00:00+00:00,2025-07-08 08:00:00+01:00,BUY,1.17601,1.1685050000000001,1.1910199999999997,0.007504999999999873,2025-07-08 14:00:00+00:00,1.1685050000000001,Stop Loss,LOSS,-107.34,-75.0,10734.37,10627.02,2342,107.34,-1,10627.02,11069.54,-442.52000000000044,-3.99763675816701,7.0,0.2916666666666667,2025-07
90,2025-07-09 11:00:00+00:00,2025-07-09 12:00:00+01:00,SELL,1.16911,1.173225,1.1608800000000004,0.004114999999999869,2025-07-09 23:00:00+00:00,1.173225,Stop Loss,LOSS,-106.27,-41.1,10627.02,10520.75,2370,106.27,-1,10520.75,11069.54,-548.7900000000009,-4.957658583825532,12.0,0.5,2025-07
91,2025-07-10 13:00:00+00:00,2025-07-10 14:00:00+01:00,SELL,1.16927,1.17411,1.1595900000000001,0.0048399999999999554,2025-07-15 16:00:00+00:00,1.1595900000000001,Take Profit,WIN,210.42,96.8,10520.75,10731.17,2396,105.21,2,10731.17,11069.54,-338.3700000000008,-3.0567665865067633,123.0,5.125,2025-07
92,2025-07-14 07:00:00+00:00,2025-07-14 08:00:00+01:00,BUY,1.168575,1.165915,1.1738949999999997,0.0026599999999998847,2025-07-15 13:00:00+00:00,1.165915,Stop Loss,LOSS,-107.31,-26.6,10731.17,10623.86,2438,107.31,-1,10623.86,11069.54,-445.6800000000003,-4.026183563183296,30.0,1.25,2025-07
93,2025-07-15 13:00:00+00:00,2025-07-15 14:00:00+01:00,SELL,1.16432,1.1698600000000001,1.1532399999999998,0.0055400000000001,2025-07-16 15:00:00+00:00,1.1698600000000001,Stop Loss,LOSS,-106.24,-55.4,10623.86,10517.62,2468,106.24,-1,10517.62,11069.54,-551.9200000000001,-4.98593437487014,26.0,1.0833333333333333,2025-07
94,2025-07-16 08:00:00+00:00,2025-07-16 09:00:00+01:00,BUY,1.16255,1.15902,1.16961,0.003530000000000033,2025-07-16 13:00:00+00:00,1.15902,Stop Loss,LOSS,-105.18,-35.3,10517.62,10412.44,2487,105.18,-1,10412.44,11069.54,-657.1000000000004,-5.936109359557853,5.0,0.20833333333333334,2025-07
95,2025-07-17 07:00:00+00:00,2025-07-17 08:00:00+01:00,SELL,1.159075,1.17242,1.1323850000000002,0.01334499999999994,2025-07-22 14:00:00+00:00,1.17242,Stop Loss,LOSS,-104.12,-133.4,10412.44,10308.32,2510,104.12,-1,10308.32,11069.54,-761.2200000000012,-6.876708517246436,127.0,5.291666666666667,2025-07
96,2025-07-18 07:00:00+00:00,2025-07-18 08:00:00+01:00,BUY,1.16289,1.15772,1.1732299999999998,0.005169999999999897,2025-07-22 15:00:00+00:00,1.1732299999999998,Take Profit,WIN,206.17,103.4,10308.32,10514.48,2534,103.08,2,10514.48,11069.54,-555.0600000000013,-5.014300503905323,104.0,4.333333333333333,2025-07
97,2025-07-21 07:00:00+00:00,2025-07-21 08:00:00+01:00,BUY,1.16435,1.1619950000000001,1.1690599999999998,0.002354999999999885,2025-07-21 14:00:00+00:00,1.1690599999999998,Take Profit,WIN,210.29,47.1,10514.48,10724.77,2558,105.14,2,10724.77,11069.54,-344.77000000000044,-3.1145829004637986,7.0,0.2916666666666667,2025-07
98,2025-07-22 07:00:00+00:00,2025-07-22 08:00:00+01:00,SELL,1.168605,1.17194,1.1619349999999997,0.003335000000000088,2025-07-22 14:00:00+00:00,1.17194,Stop Loss,LOSS,-107.25,-33.4,10724.77,10617.52,2582,107.25,-1,10617.52,11069.54,-452.02000000000044,-4.083457849196989,7.0,0.2916666666666667,2025-07
99,2025-07-25 09:00:00+00:00,2025-07-25 10:00:00+01:00,SELL,1.1735099999999998,1.178035,1.1644599999999996,0.004525000000000112,2025-07-28 13:00:00+00:00,1.1644599999999996,Take Profit,WIN,212.35,90.5,10617.52,10829.87,2656,106.18,2,10829.87,11069.54,-239.67000000000007,-2.165130619700548,76.0,3.1666666666666665,2025-07
100,2025-07-28 07:00:00+00:00,2025-07-28 08:00:00+01:00,SELL,1.16749,1.17717,1.1481299999999997,0.009680000000000133,2025-07-30 12:00:00+00:00,1.1481299999999997,Take Profit,WIN,216.6,193.6,10829.87,11046.47,2678,108.3,2,11046.47,11069.54,-23.070000000001528,-0.20840974421702732,53.0,2.2083333333333335,2025-07
101,2025-07-29 07:00:00+00:00,2025-07-29 08:00:00+01:00,SELL,1.155485,1.1641599999999999,1.1381350000000006,0.008674999999999766,2025-08-06 15:00:00+00:00,1.1641599999999999,Stop Loss,LOSS,-110.46,-86.7,11046.47,10936.01,2702,110.46,-1,10936.01,11069.54,-133.53000000000065,-1.206283187919287,200.0,8.333333333333334,2025-07
102,2025-07-30 12:00:00+00:00,2025-07-30 13:00:00+01:00,SELL,1.147305,1.1562,1.1295150000000003,0.008894999999999875,2025-08-01 13:00:00+00:00,1.1562,Stop Loss,LOSS,-109.36,-88.9,10936.01,10826.65,2731,109.36,-1,10826.65,11069.54,-242.89000000000124,-2.1942194526601937,49.0,2.0416666666666665,2025-07
103,2025-08-01 08:00:00+00:00,2025-08-01 09:00:00+01:00,SELL,1.14066,1.1452250000000002,1.1315299999999997,0.004565000000000152,2025-08-01 12:00:00+00:00,1.1452250000000002,Stop Loss,LOSS,-108.27,-45.7,10826.65,10718.38,2775,108.27,-1,10718.38,11069.54,-351.1600000000017,-3.172308876430291,4.0,0.16666666666666666,2025-08
104,2025-08-04 07:00:00+00:00,2025-08-04 08:00:00+01:00,SELL,1.1563750000000002,1.1599099999999998,1.149305000000001,0.0035349999999996218,2025-08-06 10:00:00+00:00,1.1599099999999998,Stop Loss,LOSS,-107.18,-35.3,10718.38,10611.2,2798,107.18,-1,10611.2,11069.54,-458.34000000000015,-4.140551459229562,51.0,2.125,2025-08
105,2025-08-05 07:00:00+00:00,2025-08-05 08:00:00+01:00,SELL,1.154625,1.1588399999999999,1.1461950000000003,0.004214999999999858,2025-08-06 10:00:00+00:00,1.1588399999999999,Stop Loss,LOSS,-106.11,-42.1,10611.2,10505.09,2822,106.11,-1,10505.09,11069.54,-564.4500000000007,-5.099127877039161,27.0,1.125,2025-08
106,2025-08-06 10:00:00+00:00,2025-08-06 11:00:00+01:00,BUY,1.1607150000000002,1.15609,1.1699650000000004,0.004625000000000101,2025-08-13 07:00:00+00:00,1.1699650000000004,Take Profit,WIN,210.1,92.5,10505.09,10715.19,2849,105.05,2,10715.19,11069.54,-354.35000000000036,-3.201126695418241,165.0,6.875,2025-08
107,2025-08-07 07:00:00+00:00,2025-08-07 08:00:00+01:00,BUY,1.168975,1.16229,1.1823450000000002,0.006685000000000052,2025-08-07 14:00:00+00:00,1.16229,Stop Loss,LOSS,-107.15,-66.9,10715.19,10608.04,2870,107.15,-1,10608.04,11069.54,-461.5,-4.169098264245849,7.0,0.2916666666666667,2025-08
108,2025-08-11 08:00:00+00:00,2025-08-11 09:00:00+01:00,BUY,1.165515,1.16409,1.168365,0.0014250000000000096,2025-08-11 09:00:00+00:00,1.16409,Stop Loss,LOSS,-106.08,-14.3,10608.04,10501.95,2919,106.08,-1,10501.95,11069.54,-567.5900000000001,-5.127494006074327,1.0,0.041666666666666664,2025-08
109,2025-08-12 07:00:00+00:00,2025-08-12 08:00:00+01:00,BUY,1.162035,1.158765,1.1685749999999997,0.003269999999999884,2025-08-12 15:00:00+00:00,1.1685749999999997,Take Profit,WIN,210.04,65.4,10501.95,10711.99,2942,105.02,2,10711.99,11069.54,-357.5500000000011,-3.230034852396767,8.0,0.3333333333333333,2025-08
110,2025-08-13 07:00:00+00:00,2025-08-13 08:00:00+01:00,BUY,1.17081,1.165345,1.1817399999999996,0.005464999999999831,2025-08-14 13:00:00+00:00,1.165345,Stop Loss,LOSS,-107.12,-54.6,10711.99,10604.87,2966,107.12,-1,10604.87,11069.54,-464.6700000000001,-4.197735407252696,30.0,1.25,2025-08
111,2025-08-14 07:00:00+00:00,2025-08-14 08:00:00+01:00,SELL,1.168,1.172515,1.1589699999999998,0.004515000000000047,2025-08-22 03:00:00+00:00,1.1589699999999998,Take Profit,WIN,212.1,90.3,10604.87,10816.97,2990,106.05,2,10816.97,11069.54,-252.57000000000153,-2.2816666275202175,188.0,7.833333333333333,2025-08
112,2025-08-15 07:00:00+00:00,2025-08-15 08:00:00+01:00,BUY,1.16828,1.162835,1.1791699999999998,0.005444999999999922,2025-08-20 01:00:00+00:00,1.162835,Stop Loss,LOSS,-108.17,-54.4,10816.97,10708.8,3014,108.17,-1,10708.8,11069.54,-360.7400000000016,-3.258852671384733,114.0,4.75,2025-08
113,2025-08-18 07:00:00+00:00,2025-08-18 08:00:00+01:00,SELL,1.168135,1.171775,1.1608549999999997,0.0036400000000000876,2025-08-21 14:00:00+00:00,1.1608549999999997,Take Profit,WIN,214.18,72.8,10708.8,10922.98,3038,107.09,2,10922.98,11069.54,-146.5600000000013,-1.3239935896162018,79.0,3.2916666666666665,2025-08
114,2025-08-19 07:00:00+00:00,2025-08-19 08:00:00+01:00,BUY,1.16837,1.165335,1.1744399999999997,0.003034999999999899,2025-08-19 17:00:00+00:00,1.165335,Stop Loss,LOSS,-109.23,-30.3,10922.98,10813.75,3061,109.23,-1,10813.75,11069.54,-255.79000000000087,-2.310755460479847,10.0,0.4166666666666667,2025-08
115,2025-08-20 08:00:00+00:00,2025-08-20 09:00:00+01:00,SELL,1.163795,1.1678,1.1557849999999998,0.004005000000000036,2025-08-22 14:00:00+00:00,1.1678,Stop Loss,LOSS,-108.14,-40.1,10813.75,10705.61,3086,108.14,-1,10705.61,11069.54,-363.9300000000003,-3.2876704903726828,54.0,2.25,2025-08
116,2025-08-21 11:00:00+00:00,2025-08-21 12:00:00+01:00,SELL,1.16405,1.16748,1.15719,0.003430000000000044,2025-08-22 14:00:00+00:00,1.16748,Stop Loss,LOSS,-107.06,-34.3,10705.61,10598.55,3113,107.06,-1,10598.55,11069.54,-470.9900000000016,-4.254829017285285,27.0,1.125,2025-08
117,2025-08-22 07:00:00+00:00,2025-08-22 08:00:00+01:00,SELL,1.1594799999999998,1.16259,1.1532599999999995,0.003110000000000168,2025-08-22 14:00:00+00:00,1.16259,Stop Loss,LOSS,-105.99,-31.1,10598.55,10492.57,3133,105.99,-1,10492.57,11069.54,-576.9700000000012,-5.212231041217621,7.0,0.2916666666666667,2025-08
118,2025-08-25 07:00:00+00:00,2025-08-25 08:00:00+01:00,SELL,1.169785,1.17305,1.1632550000000004,0.0032649999999998514,2025-08-25 18:00:00+00:00,1.1632550000000004,Take Profit,WIN,209.85,65.3,10492.57,10702.42,3157,104.93,2,10702.42,11069.54,-367.1200000000008,-3.3164883093606488,11.0,0.4583333333333333,2025-08
119,2025-08-27 07:00:00+00:00,2025-08-27 08:00:00+01:00,SELL,1.160355,1.1666100000000001,1.1478449999999998,0.006255000000000122,2025-08-28 10:00:00+00:00,1.1666100000000001,Stop Loss,LOSS,-107.02,-62.6,10702.42,10595.4,3205,107.02,-1,10595.4,11069.54,-474.14000000000124,-4.283285484311012,27.0,1.125,2025-08
120,2025-08-28 09:00:00+00:00,2025-08-28 10:00:00+01:00,BUY,1.164875,1.15903,1.1765650000000003,0.0058450000000001,2025-09-08 23:00:00+00:00,1.1765650000000003,Take Profit,WIN,211.91,116.9,10595.4,10807.3,3231,105.95,2,10807.3,11069.54,-262.2400000000016,-2.3690234643896817,278.0,11.583333333333334,2025-08
121,2025-08-29 12:00:00+00:00,2025-08-29 13:00:00+01:00,SELL,1.1658650000000002,1.170015,1.1575650000000004,0.004149999999999876,2025-08-29 15:00:00+00:00,1.170015,Stop Loss,LOSS,-108.07,-41.5,10807.3,10699.23,3258,108.07,-1,10699.23,11069.54,-370.3100000000013,-3.345306128348615,3.0,0.125,2025-08
122,2025-09-01 07:00:00+00:00,2025-09-01 08:00:00+01:00,BUY,1.172535,1.1684050000000001,1.180795,0.004129999999999967,2025-09-02 07:00:00+00:00,1.1684050000000001,Stop Loss,LOSS,-106.99,-41.3,10699.23,10592.24,3276,106.99,-1,10592.24,11069.54,-477.3000000000011,-4.311832289327298,24.0,1.0,2025-09
123,2025-09-02 07:00:00+00:00,2025-09-02 08:00:00+01:00,SELL,1.1645949999999998,1.172085,1.1496149999999994,0.007490000000000219,2025-09-05 12:00:00+00:00,1.172085,Stop Loss,LOSS,-105.92,-74.9,10592.24,10486.32,3300,105.92,-1,10486.32,11069.54,-583.2200000000012,-5.268692285316293,77.0,3.2083333333333335,2025-09
124,2025-09-04 07:00:00+00:00,2025-09-04 08:00:00+01:00,SELL,1.16506,1.16842,1.15834,0.0033600000000000296,2025-09-05 09:00:00+00:00,1.16842,Stop Loss,LOSS,-104.86,-33.6,10486.32,10381.45,3348,104.86,-1,10381.45,11069.54,-688.0900000000001,-6.2160667922967,26.0,1.0833333333333333,2025-09
125,2025-09-05 07:00:00+00:00,2025-09-05 08:00:00+01:00,BUY,1.16779,1.16293,1.1775100000000003,0.0048600000000000865,2025-09-09 01:00:00+00:00,1.1775100000000003,Take Profit,WIN,207.63,97.2,10381.45,10589.08,3372,103.81,2,10589.08,11069.54,-480.46000000000095,-4.340379094343586,90.0,3.75,2025-09
126,2025-09-08 07:00:00+00:00,2025-09-08 08:00:00+01:00,BUY,1.1732900000000002,1.1702100000000002,1.17945,0.0030799999999999716,2025-09-09 23:00:00+00:00,1.1702100000000002,Stop Loss,LOSS,-105.89,-30.8,10589.08,10483.19,3396,105.89,-1,10483.19,11069.54,-586.3500000000004,-5.2969680763608995,40.0,1.6666666666666667,2025-09
127,2025-09-09 14:00:00+00:00,2025-09-09 15:00:00+01:00,SELL,1.17308,1.17757,1.1640999999999997,0.004490000000000105,2025-09-16 02:00:00+00:00,1.17757,Stop Loss,LOSS,-104.83,-44.9,10483.19,10378.36,3425,104.83,-1,10378.36,11069.54,-691.1800000000003,-6.243981231379084,156.0,6.5,2025-09
128,2025-09-11 07:00:00+00:00,2025-09-11 08:00:00+01:00,SELL,1.169265,1.17326,1.161275,0.003994999999999971,2025-09-11 13:00:00+00:00,1.17326,Stop Loss,LOSS,-103.78,-39.9,10378.36,10274.58,3466,103.78,-1,10274.58,11069.54,-794.960000000001,-7.1815088973886985,6.0,0.25,2025-09
129,2025-09-12 08:00:00+00:00,2025-09-12 09:00:00+01:00,SELL,1.171745,1.1747599999999998,1.1657150000000005,0.003014999999999768,2025-09-15 09:00:00+00:00,1.1747599999999998,Stop Loss,LOSS,-102.75,-30.1,10274.58,10171.83,3491,102.75,-1,10171.83,11069.54,-897.710000000001,-8.109731750370845,73.0,3.0416666666666665,2025-09
130,2025-09-15 08:00:00+00:00,2025-09-15 09:00:00+01:00,BUY,1.17372,1.1722249999999999,1.1767100000000006,0.0014950000000002461,2025-09-15 12:00:00+00:00,1.1767100000000006,Take Profit,WIN,203.44,29.9,10171.83,10375.27,3515,101.72,2,10375.27,11069.54,-694.2700000000004,-6.2718956704614675,4.0,0.16666666666666666,2025-09
131,2025-09-16 07:00:00+00:00,2025-09-16 08:00:00+01:00,BUY,1.17945,1.1754200000000001,1.18751,0.004029999999999978,2025-09-16 17:00:00+00:00,1.18751,Take Profit,WIN,207.51,80.6,10375.27,10582.77,3538,103.75,2,10582.77,11069.54,-486.77000000000044,-4.397382366385599,10.0,0.4166666666666667,2025-09
132,2025-09-18 12:00:00+00:00,2025-09-18 13:00:00+01:00,SELL,1.17957,1.19146,1.15579,0.011889999999999956,2025-10-09 15:00:00+00:00,1.15579,Take Profit,WIN,211.66,237.8,10582.77,10794.43,3591,105.83,2,10794.43,11069.54,-275.1100000000006,-2.4852884582376555,507.0,21.125,2025-09
133,2025-09-19 07:00:00+00:00,2025-09-19 08:00:00+01:00,SELL,1.177005,1.179635,1.1717450000000003,0.00262999999999991,2025-09-22 17:00:00+00:00,1.179635,Stop Loss,LOSS,-107.94,-26.3,10794.43,10686.48,3609,107.94,-1,10686.48,11069.54,-383.0600000000013,-3.460487066309904,82.0,3.4166666666666665,2025-09
134,2025-09-22 08:00:00+00:00,2025-09-22 09:00:00+01:00,BUY,1.17624,1.1733200000000001,1.1820799999999996,0.0029199999999998116,2025-09-24 13:00:00+00:00,1.1733200000000001,Stop Loss,LOSS,-106.86,-29.2,10686.48,10579.62,3634,106.86,-1,10579.62,11069.54,-489.9200000000001,-4.4258388334113254,53.0,2.2083333333333335,2025-09
135,2025-09-24 08:00:00+00:00,2025-09-24 09:00:00+01:00,SELL,1.1772,1.18218,1.16724,0.0049799999999999844,2025-09-25 15:00:00+00:00,1.16724,Take Profit,WIN,211.59,99.6,10579.62,10791.21,3682,105.8,2,10791.21,11069.54,-278.33000000000175,-2.5143772911973015,31.0,1.2916666666666667,2025-09
136,2025-09-25 10:00:00+00:00,2025-09-25 11:00:00+01:00,BUY,1.174685,1.1727999999999998,1.1784550000000003,0.0018850000000001366,2025-09-25 12:00:00+00:00,1.1727999999999998,Stop Loss,LOSS,-107.91,-18.9,10791.21,10683.3,3708,107.91,-1,10683.3,11069.54,-386.2400000000016,-3.4892145473073093,2.0,0.08333333333333333,2025-09
137,2025-09-26 12:00:00+00:00,2025-09-26 13:00:00+01:00,BUY,1.16832,1.1643800000000002,1.1761999999999997,0.0039399999999998325,2025-10-01 05:00:00+00:00,1.1761999999999997,Take Profit,WIN,213.67,78.8,10683.3,10896.96,3734,106.83,2,10896.96,11069.54,-172.58000000000175,-1.5590530410477916,113.0,4.708333333333333,2025-09
138,2025-09-29 07:00:00+00:00,2025-09-29 08:00:00+01:00,BUY,1.1727,1.1698899999999999,1.1783200000000005,0.0028100000000002012,2025-10-02 15:00:00+00:00,1.1698899999999999,Stop Loss,LOSS,-108.97,-28.1,10896.96,10787.99,3753,108.97,-1,10787.99,11069.54,-281.5500000000011,-2.5434661241569305,80.0,3.3333333333333335,2025-09
139,2025-09-30 07:00:00+00:00,2025-09-30 08:00:00+01:00,BUY,1.17418,1.1718050000000002,1.1789299999999996,0.002374999999999794,2025-09-30 13:00:00+00:00,1.1718050000000002,Stop Loss,LOSS,-107.88,-23.7,10787.99,10680.12,3776,107.88,-1,10680.12,11069.54,-389.4200000000001,-3.5179420283047,6.0,0.25,2025-09
140,2025-10-01 10:00:00+00:00,2025-10-01 11:00:00+01:00,SELL,1.17253,1.1763949999999999,1.1648000000000005,0.0038649999999997853,2025-10-07 19:00:00+00:00,1.1648000000000005,Take Profit,WIN,213.6,77.3,10680.12,10893.72,3803,106.8,2,10893.72,11069.54,-175.82000000000153,-1.5883225499885407,153.0,6.375,2025-10
141,2025-10-02 07:00:00+00:00,2025-10-02 08:00:00+01:00,BUY,1.175005,1.17129,1.1824350000000003,0.003715000000000135,2025-10-02 14:00:00+00:00,1.17129,Stop Loss,LOSS,-108.94,-37.2,10893.72,10784.78,3824,108.94,-1,10784.78,11069.54,-284.7600000000002,-2.572464619126,7.0,0.2916666666666667,2025-10
142,2025-10-03 07:00:00+00:00,2025-10-03 08:00:00+01:00,BUY,1.17323,1.1681300000000001,1.1834299999999998,0.005099999999999882,2025-10-06 07:00:00+00:00,1.1681300000000001,Stop Loss,LOSS,-107.85,-51.0,10784.78,10676.93,3848,107.85,-1,10676.93,11069.54,-392.6100000000006,-3.546759847292666,72.0,3.0,2025-10
143,2025-10-06 07:00:00+00:00,2025-10-06 08:00:00+01:00,SELL,1.166275,1.173095,1.1526349999999999,0.006820000000000048,2025-10-31 14:00:00+00:00,1.1526349999999999,Take Profit,WIN,213.54,136.4,10676.93,10890.47,3872,106.77,2,10890.47,11069.54,-179.07000000000153,-1.6176823969198495,607.0,25.291666666666668,2025-10
144,2025-10-07 07:00:00+00:00,2025-10-07 08:00:00+01:00,SELL,1.167645,1.1723199999999998,1.1582950000000005,0.004674999999999763,2025-10-09 14:00:00+00:00,1.1582950000000005,Take Profit,WIN,217.81,93.5,10890.47,11108.28,3896,108.9,2,11108.28,11108.28,0.0,0.0,55.0,2.2916666666666665,2025-10
145,2025-10-08 07:00:00+00:00,2025-10-08 08:00:00+01:00,SELL,1.16311,1.1683299999999999,1.1526700000000005,0.00521999999999978,2025-10-16 17:00:00+00:00,1.1683299999999999,Stop Loss,LOSS,-111.08,-52.2,11108.28,10997.2,3920,111.08,-1,10997.2,11108.28,-111.07999999999993,-0.9999747935774027,202.0,8.416666666666666,2025-10
146,2025-10-09 14:00:00+00:00,2025-10-09 15:00:00+01:00,SELL,1.15811,1.1637899999999999,1.1467500000000002,0.005679999999999907,2025-10-15 07:00:00+00:00,1.1637899999999999,Stop Loss,LOSS,-109.97,-56.8,10997.2,10887.23,3951,109.97,-1,10887.23,11108.28,-221.0500000000011,-1.9899570410540703,137.0,5.708333333333333,2025-10
147,2025-10-13 08:00:00+00:00,2025-10-13 09:00:00+01:00,SELL,1.15855,1.162215,1.15122,0.0036650000000000293,2025-10-15 01:00:00+00:00,1.162215,Stop Loss,LOSS,-108.87,-36.7,10887.23,10778.35,3993,108.87,-1,10778.35,11108.28,-329.9300000000003,-2.9701267883056626,41.0,1.7083333333333333,2025-10
148,2025-10-14 07:00:00+00:00,2025-10-14 08:00:00+01:00,SELL,1.15496,1.15805,1.14878,0.003090000000000037,2025-10-14 13:00:00+00:00,1.15805,Stop Loss,LOSS,-107.78,-30.9,10778.35,10670.57,4016,107.78,-1,10670.57,11108.28,-437.71000000000095,-3.940394012394367,6.0,0.25,2025-10
149,2025-10-15 07:00:00+00:00,2025-10-15 08:00:00+01:00,BUY,1.16357,1.15845,1.17381,0.005120000000000013,2025-10-22 10:00:00+00:00,1.15845,Stop Loss,LOSS,-106.71,-51.2,10670.57,10563.86,4040,106.71,-1,10563.86,11108.28,-544.4200000000001,-4.901028782133688,171.0,7.125,2025-10
150,2025-10-16 07:00:00+00:00,2025-10-16 08:00:00+01:00,BUY,1.165205,1.1615900000000001,1.172435,0.003614999999999924,2025-10-17 05:00:00+00:00,1.172435,Take Profit,WIN,211.28,72.3,10563.86,10775.14,4064,105.64,2,10775.14,11108.28,-333.14000000000124,-2.9990241513537756,22.0,0.9166666666666666,2025-10
151,2025-10-17 07:00:00+00:00,2025-10-17 08:00:00+01:00,BUY,1.17116,1.16599,1.1814999999999998,0.005169999999999897,2025-10-17 14:00:00+00:00,1.16599,Stop Loss,LOSS,-107.75,-51.7,10775.14,10667.39,4088,107.75,-1,10667.39,11108.28,-440.89000000000124,-3.96902130662894,7.0,0.2916666666666667,2025-10
152,2025-10-20 13:00:00+00:00,2025-10-20 14:00:00+01:00,SELL,1.1648999999999998,1.16695,1.1607999999999996,0.0020500000000001073,2025-10-21 10:00:00+00:00,1.1607999999999996,Take Profit,WIN,213.35,41.0,10667.39,10880.74,4118,106.67,2,10880.74,11108.28,-227.54000000000087,-2.0483819277151896,21.0,0.875,2025-10
153,2025-10-21 07:00:00+00:00,2025-10-21 08:00:00+01:00,SELL,1.16254,1.166725,1.1541699999999997,0.004185000000000105,2025-10-28 04:00:00+00:00,1.166725,Stop Loss,LOSS,-108.81,-41.9,10880.74,10771.93,4136,108.81,-1,10771.93,11108.28,-336.35000000000036,-3.0279215144018727,165.0,6.875,2025-10
154,2025-10-22 08:00:00+00:00,2025-10-22 09:00:00+01:00,SELL,1.15976,1.1627,1.1538799999999996,0.0029400000000001647,2025-10-24 07:00:00+00:00,1.1627,Stop Loss,LOSS,-107.72,-29.4,10771.93,10664.21,4161,107.72,-1,10664.21,11108.28,-444.0700000000015,-3.9976486008635135,47.0,1.9583333333333333,2025-10
155,2025-10-23 07:00:00+00:00,2025-10-23 08:00:00+01:00,SELL,1.16001,1.16253,1.1549699999999998,0.0025200000000000777,2025-10-24 07:00:00+00:00,1.16253,Stop Loss,LOSS,-106.64,-25.2,10664.21,10557.57,4184,106.64,-1,10557.57,11108.28,-550.710000000001,-4.957653210037926,24.0,1.0,2025-10
156,2025-10-24 12:00:00+00:00,2025-10-24 13:00:00+01:00,BUY,1.16342,1.160185,1.1698899999999997,0.003234999999999877,2025-10-29 18:00:00+00:00,1.160185,Stop Loss,LOSS,-105.58,-32.3,10557.57,10451.99,4213,105.58,-1,10451.99,11108.28,-656.2900000000009,-5.9081153878008195,126.0,5.25,2025-10
157,2025-10-27 09:00:00+00:00,2025-10-27 09:00:00+00:00,BUY,1.1638000000000002,1.162325,1.1667500000000004,0.001475000000000115,2025-10-28 04:00:00+00:00,1.1667500000000004,Take Profit,WIN,209.04,29.5,10451.99,10661.03,4234,104.52,2,10661.03,11108.28,-447.25,-4.02627589509807,19.0,0.7916666666666666,2025-10
158,2025-10-28 09:00:00+00:00,2025-10-28 09:00:00+00:00,BUY,1.1657000000000002,1.16299,1.1711200000000006,0.0027100000000002122,2025-10-28 13:00:00+00:00,1.16299,Stop Loss,LOSS,-106.61,-27.1,10661.03,10554.42,4258,106.61,-1,10554.42,11108.28,-553.8600000000006,-4.98601043545896,4.0,0.16666666666666666,2025-10
159,2025-10-29 08:00:00+00:00,2025-10-29 08:00:00+00:00,SELL,1.16233,1.1671349999999998,1.1527200000000006,0.004804999999999726,2025-10-31 14:00:00+00:00,1.1527200000000006,Take Profit,WIN,211.09,96.1,10554.42,10765.51,4281,105.54,2,10765.51,11108.28,-342.77000000000044,-3.085716240498083,54.0,2.25,2025-10
160,2025-10-30 12:00:00+00:00,2025-10-30 12:00:00+00:00,SELL,1.15552,1.1667750000000001,1.13301,0.011255000000000015,2025-12-03 12:00:00+00:00,1.1667750000000001,Stop Loss,LOSS,-107.66,-112.6,10765.51,10657.86,4309,107.66,-1,10657.86,11108.28,-450.4200000000001,-4.054813166394798,816.0,34.0,2025-10
161,2025-10-31 12:00:00+00:00,2025-10-31 12:00:00+00:00,SELL,1.155595,1.15799,1.1508049999999996,0.002395000000000147,2025-11-03 13:00:00+00:00,1.1508049999999996,Take Profit,WIN,213.16,47.9,10657.86,10871.01,4333,106.58,2,10871.01,11108.28,-237.27000000000044,-2.135974246237945,73.0,3.0416666666666665,2025-10
162,2025-11-03 08:00:00+00:00,2025-11-03 08:00:00+00:00,SELL,1.15135,1.15402,1.1460100000000002,0.00266999999999995,2025-11-06 13:00:00+00:00,1.15402,Stop Loss,LOSS,-108.71,-26.7,10871.01,10762.3,4352,108.71,-1,10762.3,11108.28,-345.9800000000014,-3.1146136035461955,77.0,3.2083333333333335,2025-11
163,2025-11-04 09:00:00+00:00,2025-11-04 09:00:00+00:00,SELL,1.15011,1.154055,1.1422199999999998,0.003945000000000087,2025-11-06 13:00:00+00:00,1.154055,Stop Loss,LOSS,-107.62,-39.5,10762.3,10654.68,4377,107.62,-1,10654.68,11108.28,-453.60000000000036,-4.0834404606293715,52.0,2.1666666666666665,2025-11
164,2025-11-05 13:00:00+00:00,2025-11-05 13:00:00+00:00,SELL,1.147365,1.1498599999999999,1.1423750000000001,0.002494999999999914,2025-11-06 00:00:00+00:00,1.1498599999999999,Stop Loss,LOSS,-106.55,-24.9,10654.68,10548.13,4405,106.55,-1,10548.13,11108.28,-560.1500000000015,-5.042634863363197,11.0,0.4583333333333333,2025-11
165,2025-11-06 08:00:00+00:00,2025-11-06 08:00:00+00:00,BUY,1.152115,1.14682,1.162705,0.00529500000000005,2025-11-13 08:00:00+00:00,1.162705,Take Profit,WIN,210.96,105.9,10548.13,10759.1,4424,105.48,2,10759.1,11108.28,-349.1800000000003,-3.143420943656446,168.0,7.0,2025-11
166,2025-11-07 11:00:00+00:00,2025-11-07 11:00:00+00:00,BUY,1.15581,1.151685,1.1640599999999999,0.004124999999999934,2025-11-13 15:00:00+00:00,1.1640599999999999,Take Profit,WIN,215.18,82.5,10759.1,10974.28,4451,107.59,2,10974.28,11108.28,-134.0,-1.2063073671171414,148.0,6.166666666666667,2025-11
167,2025-11-10 08:00:00+00:00,2025-11-10 08:00:00+00:00,BUY,1.15723,1.153935,1.16382,0.003295000000000048,2025-11-13 15:00:00+00:00,1.16382,Take Profit,WIN,219.49,65.9,10974.28,11193.76,4472,109.74,2,11193.76,11193.76,0.0,0.0,79.0,3.2916666666666665,2025-11
168,2025-11-11 10:00:00+00:00,2025-11-11 10:00:00+00:00,BUY,1.1573,1.15398,1.16394,0.0033199999999999896,2025-11-13 15:00:00+00:00,1.16394,Take Profit,WIN,223.88,66.4,11193.76,11417.64,4498,111.94,2,11417.64,11417.64,0.0,0.0,53.0,2.2083333333333335,2025-11
169,2025-11-12 08:00:00+00:00,2025-11-12 08:00:00+00:00,SELL,1.157735,1.16056,1.1520849999999998,0.0028250000000000774,2025-11-13 07:00:00+00:00,1.16056,Stop Loss,LOSS,-114.18,-28.3,11417.64,11303.46,4520,114.18,-1,11303.46,11417.64,-114.18000000000029,-1.0000315301585994,23.0,0.9583333333333334,2025-11
170,2025-11-13 08:00:00+00:00,2025-11-13 08:00:00+00:00,BUY,1.16281,1.157055,1.1743199999999998,0.005754999999999955,2025-11-19 09:00:00+00:00,1.157055,Stop Loss,LOSS,-113.03,-57.5,11303.46,11190.43,4544,113.03,-1,11190.43,11417.64,-227.20999999999913,-1.9899909263210187,145.0,6.041666666666667,2025-11
171,2025-11-14 09:00:00+00:00,2025-11-14 09:00:00+00:00,SELL,1.16219,1.1658,1.1549700000000003,0.003609999999999891,2025-11-19 15:00:00+00:00,1.1549700000000003,Take Profit,WIN,223.81,72.2,11190.43,11414.24,4569,111.9,2,11414.24,11417.64,-3.399999999999636,-0.029778483119100235,126.0,5.25,2025-11
172,2025-11-17 08:00:00+00:00,2025-11-17 08:00:00+00:00,SELL,1.16032,1.16275,1.1554600000000002,0.002429999999999932,2025-11-19 15:00:00+00:00,1.1554600000000002,Take Profit,WIN,228.28,48.6,11414.24,11642.52,4592,114.14,2,11642.52,11642.52,0.0,0.0,55.0,2.2916666666666665,2025-11
173,2025-11-18 10:00:00+00:00,2025-11-18 10:00:00+00:00,SELL,1.1582050000000002,1.1604400000000001,1.1537350000000002,0.002234999999999987,2025-11-18 15:00:00+00:00,1.1604400000000001,Stop Loss,LOSS,-116.43,-22.3,11642.52,11526.1,4618,116.43,-1,11526.1,11642.52,-116.42000000000007,-0.9999553361299793,5.0,0.20833333333333334,2025-11
174,2025-11-19 10:00:00+00:00,2025-11-19 10:00:00+00:00,SELL,1.156935,1.16104,1.148725,0.004105000000000025,2025-11-27 01:00:00+00:00,1.16104,Stop Loss,LOSS,-115.26,-41.1,11526.1,11410.83,4642,115.26,-1,11410.83,11642.52,-231.6900000000005,-1.9900330856206434,183.0,7.625,2025-11
175,2025-11-20 11:00:00+00:00,2025-11-20 11:00:00+00:00,SELL,1.15143,1.1558,1.14269,0.004369999999999985,2025-11-25 13:00:00+00:00,1.1558,Stop Loss,LOSS,-114.11,-43.7,11410.83,11296.73,4667,114.11,-1,11296.73,11642.52,-345.7900000000009,-2.970061464356521,122.0,5.083333333333333,2025-11
176,2025-11-21 10:00:00+00:00,2025-11-21 10:00:00+00:00,SELL,1.151995,1.154415,1.1471550000000004,0.0024199999999998667,2025-11-24 11:00:00+00:00,1.154415,Stop Loss,LOSS,-112.97,-24.2,11296.73,11183.76,4690,112.97,-1,11183.76,11642.52,-458.7600000000002,-3.940384040568538,73.0,3.0416666666666665,2025-11
177,2025-11-24 08:00:00+00:00,2025-11-24 08:00:00+00:00,BUY,1.15281,1.15033,1.1577699999999995,0.0024799999999998157,2025-11-25 15:00:00+00:00,1.1577699999999995,Take Profit,WIN,223.68,49.6,11183.76,11407.43,4712,111.84,2,11407.43,11642.52,-235.09000000000015,-2.01923638524993,31.0,1.2916666666666667,2025-11
178,2025-11-25 09:00:00+00:00,2025-11-25 09:00:00+00:00,BUY,1.15341,1.15094,1.15835,0.0024699999999999722,2025-11-25 15:00:00+00:00,1.15835,Take Profit,WIN,228.15,49.4,11407.43,11635.58,4737,114.07,2,11635.58,11642.52,-6.940000000000509,-0.059609088066849,6.0,0.25,2025-11
179,2025-11-27 09:00:00+00:00,2025-11-27 09:00:00+00:00,SELL,1.15776,1.1605100000000002,1.1522599999999994,0.0027500000000002522,2025-11-28 15:00:00+00:00,1.1605100000000002,Stop Loss,LOSS,-116.36,-27.5,11635.58,11519.23,4785,116.36,-1,11519.23,11642.52,-123.29000000000087,-1.0589631797926984,30.0,1.25,2025-11
180,2025-11-28 08:00:00+00:00,2025-11-28 08:00:00+00:00,SELL,1.157015,1.1604649999999999,1.150115,0.003449999999999953,2025-11-28 15:00:00+00:00,1.1604649999999999,Stop Loss,LOSS,-115.19,-34.5,11519.23,11404.04,4808,115.19,-1,11404.04,11642.52,-238.47999999999956,-2.048353792821482,7.0,0.2916666666666667,2025-11
181,2025-12-01 08:00:00+00:00,2025-12-01 08:00:00+00:00,BUY,1.161335,1.159125,1.165755,0.0022100000000000453,2025-12-03 10:00:00+00:00,1.165755,Take Profit,WIN,228.08,44.2,11404.04,11632.12,4832,114.04,2,11632.12,11642.52,-10.399999999999636,-0.08932774004253062,50.0,2.0833333333333335,2025-12
182,2025-12-03 08:00:00+00:00,2025-12-03 08:00:00+00:00,BUY,1.164405,1.158995,1.1752249999999997,0.005409999999999915,2025-12-11 15:00:00+00:00,1.1752249999999997,Take Profit,WIN,232.64,108.2,11632.12,11864.76,4880,116.32,2,11864.76,11864.76,0.0,0.0,199.0,8.291666666666666,2025-12
183,2025-12-04 09:00:00+00:00,2025-12-04 09:00:00+00:00,BUY,1.167765,1.165255,1.172785,0.0025100000000000122,2025-12-04 19:00:00+00:00,1.165255,Stop Loss,LOSS,-118.65,-25.1,11864.76,11746.11,4905,118.65,-1,11746.11,11864.76,-118.64999999999964,-1.0000202279692099,10.0,0.4166666666666667,2025-12
184,2025-12-08 08:00:00+00:00,2025-12-08 08:00:00+00:00,BUY,1.1656,1.16363,1.16954,0.0019700000000000273,2025-12-08 15:00:00+00:00,1.16363,Stop Loss,LOSS,-117.46,-19.7,11746.11,11628.65,4952,117.46,-1,11628.65,11864.76,-236.11000000000058,-1.9900107545369699,7.0,0.2916666666666667,2025-12
185,2025-12-09 08:00:00+00:00,2025-12-09 08:00:00+00:00,BUY,1.1645,1.161365,1.1707700000000003,0.00313500000000011,2025-12-11 11:00:00+00:00,1.1707700000000003,Take Profit,WIN,232.57,62.7,11628.65,11861.22,4976,116.29,2,11861.22,11864.76,-3.540000000000873,-0.029836254589227874,51.0,2.125,2025-12
186,2025-12-10 08:00:00+00:00,2025-12-10 08:00:00+00:00,BUY,1.16526,1.161415,1.1729499999999997,0.0038449999999998763,2025-12-11 13:00:00+00:00,1.1729499999999997,Take Profit,WIN,237.22,76.9,11861.22,12098.45,5000,118.61,2,12098.45,12098.45,0.0,0.0,29.0,1.2083333333333333,2025-12
187,2025-12-11 10:00:00+00:00,2025-12-11 10:00:00+00:00,BUY,1.17072,1.1632200000000001,1.1857199999999997,0.00749999999999984,2026-01-09 14:00:00+00:00,1.1632200000000001,Stop Loss,LOSS,-120.98,-75.0,12098.45,11977.46,5026,120.98,-1,11977.46,12098.45,-120.9900000000016,-1.0000454603689033,700.0,29.166666666666668,2025-12
188,2025-12-12 08:00:00+00:00,2025-12-12 08:00:00+00:00,SELL,1.1728200000000002,1.176515,1.1654300000000006,0.003694999999999782,2025-12-15 15:00:00+00:00,1.176515,Stop Loss,LOSS,-119.77,-36.9,11977.46,11857.69,5048,119.77,-1,11857.69,12098.45,-240.76000000000022,-1.9900069843657675,79.0,3.2916666666666665,2025-12
189,2025-12-15 08:00:00+00:00,2025-12-15 08:00:00+00:00,SELL,1.173125,1.17435,1.170675,0.0012250000000000316,2025-12-15 10:00:00+00:00,1.17435,Stop Loss,LOSS,-118.58,-12.3,11857.69,11739.11,5072,118.58,-1,11739.11,12098.45,-359.34000000000015,-2.97013253763912,2.0,0.08333333333333333,2025-12
190,2025-12-16 12:00:00+00:00,2025-12-16 12:00:00+00:00,BUY,1.177795,1.17357,1.1862449999999998,0.004224999999999923,2025-12-17 04:00:00+00:00,1.17357,Stop Loss,LOSS,-117.39,-42.2,11739.11,11621.72,5100,117.39,-1,11621.72,12098.45,-476.7300000000014,-3.9404221201889613,16.0,0.6666666666666666,2025-12
191,2025-12-17 08:00:00+00:00,2025-12-17 08:00:00+00:00,SELL,1.17187,1.18069,1.1542299999999999,0.00882000000000005,2025-12-24 02:00:00+00:00,1.18069,Stop Loss,LOSS,-116.22,-88.2,11621.72,11505.5,5120,116.22,-1,11505.5,12098.45,-592.9500000000007,-4.901041042447591,162.0,6.75,2025-12
192,2025-12-18 08:00:00+00:00,2025-12-18 08:00:00+00:00,SELL,1.17323,1.17608,1.16753,0.002850000000000019,2025-12-22 14:00:00+00:00,1.17608,Stop Loss,LOSS,-115.06,-28.5,11505.5,11390.45,5144,115.06,-1,11390.45,12098.45,-708.0,-5.851989304415028,102.0,4.25,2025-12
193,2025-12-19 08:00:00+00:00,2025-12-19 08:00:00+00:00,SELL,1.17125,1.174815,1.1641199999999998,0.0035650000000000404,2025-12-22 13:00:00+00:00,1.174815,Stop Loss,LOSS,-113.9,-35.7,11390.45,11276.54,5168,113.9,-1,11276.54,12098.45,-821.9099999999999,-6.793514871739767,77.0,3.2083333333333335,2025-12
194,2025-12-22 08:00:00+00:00,2025-12-22 08:00:00+00:00,BUY,1.1735950000000002,1.170375,1.1800350000000006,0.0032200000000002227,2025-12-23 12:00:00+00:00,1.1800350000000006,Take Profit,WIN,225.53,64.4,11276.54,11502.07,5192,112.77,2,11502.07,12098.45,-596.380000000001,-4.929391781591865,28.0,1.1666666666666667,2025-12
195,2025-12-23 08:00:00+00:00,2025-12-23 08:00:00+00:00,BUY,1.1784400000000002,1.17459,1.1861400000000004,0.003850000000000131,2025-12-30 15:00:00+00:00,1.17459,Stop Loss,LOSS,-115.02,-38.5,11502.07,11387.05,5216,115.02,-1,11387.05,12098.45,-711.4000000000015,-5.880092077910819,175.0,7.291666666666667,2025-12
196,2025-12-24 08:00:00+00:00,2025-12-24 08:00:00+00:00,BUY,1.1799499999999998,1.1762150000000002,1.187419999999999,0.0037349999999995998,2025-12-26 17:00:00+00:00,1.1762150000000002,Stop Loss,LOSS,-113.87,-37.3,11387.05,11273.18,5240,113.87,-1,11273.18,12098.45,-825.2700000000004,-6.821287024370894,57.0,2.375,2025-12
197,2025-12-26 08:00:00+00:00,2025-12-26 08:00:00+00:00,SELL,1.17769,1.178755,1.1755599999999997,0.0010650000000000936,2025-12-26 13:00:00+00:00,1.178755,Stop Loss,LOSS,-112.73,-10.7,11273.18,11160.45,5274,112.73,-1,11160.45,12098.45,-938.0,-7.753059276188272,5.0,0.20833333333333334,2025-12
198,2025-12-29 08:00:00+00:00,2025-12-29 08:00:00+00:00,BUY,1.1784,1.17673,1.1817399999999996,0.0016699999999998383,2025-12-29 10:00:00+00:00,1.17673,Stop Loss,LOSS,-111.6,-16.7,11160.45,11048.85,5298,111.6,-1,11048.85,12098.45,-1049.6000000000004,-8.675491488579118,2.0,0.08333333333333333,2025-12
199,2025-12-31 08:00:00+00:00,2025-12-31 08:00:00+00:00,SELL,1.1723050000000002,1.176925,1.1630650000000005,0.0046199999999998465,2026-01-09 14:00:00+00:00,1.1630650000000005,Take Profit,WIN,220.98,92.4,11048.85,11269.82,5346,110.49,2,11269.82,12098.45,-828.630000000001,-6.849059177002021,222.0,9.25,2025-12
200,2026-01-02 08:00:00+00:00,2026-01-02 08:00:00+00:00,SELL,1.17287,1.17539,1.1678300000000004,0.0025199999999998557,2026-01-05 03:00:00+00:00,1.1678300000000004,Take Profit,WIN,225.4,50.4,11269.82,11495.22,5370,112.7,2,11495.22,12098.45,-603.2300000000014,-4.986010604664245,67.0,2.7916666666666665,2026-01
201,2026-01-05 08:00:00+00:00,2026-01-05 08:00:00+00:00,SELL,1.168345,1.17273,1.1595749999999998,0.004385000000000083,2026-01-05 19:00:00+00:00,1.17273,Stop Loss,LOSS,-114.95,-43.9,11495.22,11380.27,5394,114.95,-1,11380.27,12098.45,-718.1800000000003,-5.936132314470037,11.0,0.4583333333333333,2026-01
202,2026-01-08 08:00:00+00:00,2026-01-08 08:00:00+00:00,SELL,1.1671399999999998,1.170085,1.1612499999999994,0.0029450000000001975,2026-01-15 13:00:00+00:00,1.1612499999999994,Take Profit,WIN,227.61,58.9,11380.27,11607.87,5466,113.8,2,11607.87,12098.45,-490.5799999999999,-4.054899594576164,173.0,7.208333333333333,2026-01
203,2026-01-09 09:00:00+00:00,2026-01-09 09:00:00+00:00,SELL,1.16424,1.1675499999999999,1.15762,0.003309999999999924,2026-01-12 07:00:00+00:00,1.1675499999999999,Stop Loss,LOSS,-116.08,-33.1,11607.87,11491.79,5490,116.08,-1,11491.79,12098.45,-606.6599999999999,-5.014361343808503,70.0,2.9166666666666665,2026-01
204,2026-01-12 08:00:00+00:00,2026-01-12 08:00:00+00:00,BUY,1.168815,1.162025,1.1823949999999996,0.006789999999999852,2026-01-15 13:00:00+00:00,1.162025,Stop Loss,LOSS,-114.92,-67.9,11491.79,11376.88,5513,114.92,-1,11376.88,12098.45,-721.5700000000015,-5.964152432749662,77.0,3.2083333333333335,2026-01
205,2026-01-13 12:00:00+00:00,2026-01-13 12:00:00+00:00,SELL,1.165525,1.1688049999999999,1.158965,0.0032799999999999496,2026-01-16 15:00:00+00:00,1.158965,Take Profit,WIN,227.54,65.6,11376.88,11604.41,5541,113.77,2,11604.41,12098.45,-494.0400000000009,-4.083498299368935,75.0,3.125,2026-01
206,2026-01-15 08:00:00+00:00,2026-01-15 08:00:00+00:00,SELL,1.163095,1.1664349999999999,1.1564150000000002,0.0033399999999998986,2026-01-20 04:00:00+00:00,1.1664349999999999,Stop Loss,LOSS,-116.04,-33.4,11604.41,11488.37,5585,116.04,-1,11488.37,12098.45,-610.0799999999999,-5.0426294277366095,116.0,4.833333333333333,2026-01
207,2026-01-16 11:00:00+00:00,2026-01-16 11:00:00+00:00,BUY,1.161925,1.15951,1.1667550000000002,0.002415000000000056,2026-01-16 15:00:00+00:00,1.15951,Stop Loss,LOSS,-114.88,-24.2,11488.37,11373.49,5612,114.88,-1,11373.49,12098.45,-724.960000000001,-5.992172551029271,4.0,0.16666666666666666,2026-01
208,2026-01-19 11:00:00+00:00,2026-01-19 11:00:00+00:00,BUY,1.162785,1.15756,1.173235,0.005225000000000035,2026-01-20 11:00:00+00:00,1.173235,Take Profit,WIN,227.47,104.5,11373.49,11600.96,5636,113.73,2,11600.96,12098.45,-497.4900000000016,-4.112014348945539,24.0,1.0,2026-01
209,2026-01-20 08:00:00+00:00,2026-01-20 08:00:00+00:00,BUY,1.17164,1.1629349999999998,1.1890500000000004,0.008705000000000185,2026-01-25 23:00:00+00:00,1.1890500000000004,Take Profit,WIN,232.02,174.1,11600.96,11832.97,5657,116.01,2,11832.97,12098.45,-265.4800000000014,-2.1943306787233188,135.0,5.625,2026-01
210,2026-01-21 08:00:00+00:00,2026-01-21 08:00:00+00:00,SELL,1.171035,1.174515,1.1640750000000002,0.0034799999999999276,2026-01-22 16:00:00+00:00,1.174515,Stop Loss,LOSS,-118.33,-34.8,11832.97,11714.64,5681,118.33,-1,11714.64,12098.45,-383.8100000000013,-3.1723898515925697,32.0,1.3333333333333333,2026-01
211,2026-01-26 12:00:00+00:00,2026-01-26 12:00:00+00:00,SELL,1.184225,1.189865,1.1729450000000003,0.005639999999999867,2026-01-26 16:00:00+00:00,1.189865,Stop Loss,LOSS,-117.15,-56.4,11714.64,11597.5,5757,117.15,-1,11597.5,12098.45,-500.9500000000007,-4.140613053738294,4.0,0.16666666666666666,2026-01
212,2026-01-27 08:00:00+00:00,2026-01-27 08:00:00+00:00,SELL,1.186055,1.190625,1.1769150000000002,0.004569999999999963,2026-01-27 12:00:00+00:00,1.190625,Stop Loss,LOSS,-115.97,-45.7,11597.5,11481.52,5777,115.97,-1,11481.52,12098.45,-616.9300000000003,-5.09924825080899,4.0,0.16666666666666666,2026-01
213,2026-01-30 14:00:00+00:00,2026-01-30 14:00:00+00:00,SELL,1.190665,1.1977049999999998,1.1765850000000007,0.007039999999999713,2026-02-19 13:00:00+00:00,1.1765850000000007,Take Profit,WIN,229.63,140.8,11481.52,11711.15,5855,114.82,2,11711.15,12098.45,-387.3000000000011,-3.2012365220338226,479.0,19.958333333333332,2026-01
214,2026-02-02 09:00:00+00:00,2026-02-02 09:00:00+00:00,BUY,1.186235,1.183695,1.191315,0.0025399999999999867,2026-02-02 13:00:00+00:00,1.183695,Stop Loss,LOSS,-117.11,-25.4,11711.15,11594.04,5874,117.11,-1,11594.04,12098.45,-504.40999999999985,-4.16921175853105,4.0,0.16666666666666666,2026-02
215,2026-02-04 08:00:00+00:00,2026-02-04 08:00:00+00:00,BUY,1.182865,1.17839,1.191815,0.004475000000000007,2026-02-05 09:00:00+00:00,1.17839,Stop Loss,LOSS,-115.94,-44.8,11594.04,11478.1,5921,115.94,-1,11478.1,12098.45,-620.3500000000004,-5.127516334737097,25.0,1.0416666666666667,2026-02
216,2026-02-05 09:00:00+00:00,2026-02-05 09:00:00+00:00,SELL,1.17808,1.1824350000000001,1.1693699999999998,0.004355000000000109,2026-02-06 14:00:00+00:00,1.1824350000000001,Stop Loss,LOSS,-114.78,-43.6,11478.1,11363.32,5946,114.78,-1,11363.32,12098.45,-735.130000000001,-6.076232905868116,29.0,1.2083333333333333,2026-02
217,2026-02-06 13:00:00+00:00,2026-02-06 13:00:00+00:00,BUY,1.181045,1.1772150000000001,1.1887049999999995,0.003829999999999778,2026-02-09 13:00:00+00:00,1.1887049999999995,Take Profit,WIN,227.27,76.6,11363.32,11590.59,5974,113.63,2,11590.59,12098.45,-507.8600000000006,-4.197727808107655,72.0,3.0,2026-02
218,2026-02-09 08:00:00+00:00,2026-02-09 08:00:00+00:00,BUY,1.18642,1.180715,1.1978300000000002,0.005705000000000071,2026-02-17 15:00:00+00:00,1.180715,Stop Loss,LOSS,-115.91,-57.1,11590.59,11474.68,5993,115.91,-1,11474.68,12098.45,-623.7700000000004,-5.1557844186652035,199.0,8.291666666666666,2026-02
219,2026-02-10 12:00:00+00:00,2026-02-10 12:00:00+00:00,SELL,1.189305,1.1929,1.182115,0.003595000000000015,2026-02-17 13:00:00+00:00,1.182115,Take Profit,WIN,229.49,71.9,11474.68,11704.18,6021,114.75,2,11704.18,12098.45,-394.27000000000044,-3.2588472077001636,169.0,7.041666666666667,2026-02
220,2026-02-11 08:00:00+00:00,2026-02-11 08:00:00+00:00,BUY,1.191855,1.1883899999999998,1.1987850000000007,0.0034650000000002734,2026-02-11 13:00:00+00:00,1.1883899999999998,Stop Loss,LOSS,-117.04,-34.7,11704.18,11587.13,6041,117.04,-1,11587.13,12098.45,-511.3200000000015,-4.2263265129004255,5.0,0.20833333333333334,2026-02
221,2026-02-16 11:00:00+00:00,2026-02-16 11:00:00+00:00,SELL,1.18613,1.1879600000000001,1.1824699999999995,0.0018300000000002203,2026-02-17 13:00:00+00:00,1.1824699999999995,Take Profit,WIN,231.74,36.6,11587.13,11818.88,6116,115.87,2,11818.88,12098.45,-279.5700000000015,-2.310791878298472,26.0,1.0833333333333333,2026-02
222,2026-02-17 08:00:00+00:00,2026-02-17 08:00:00+00:00,SELL,1.18408,1.185945,1.18035,0.0018650000000000055,2026-02-18 17:00:00+00:00,1.18035,Take Profit,WIN,236.38,37.3,11818.88,12055.25,6137,118.19,2,12055.25,12098.45,-43.20000000000073,-0.3570705338287196,33.0,1.375,2026-02
223,2026-02-19 11:00:00+00:00,2026-02-19 11:00:00+00:00,SELL,1.17808,1.1829249999999998,1.1683900000000005,0.004844999999999766,,,,,-120.55,,12055.25,11934.7,6188,120.55,-1,11934.7,12098.45,-163.75,-1.3534791646863853,,,2026-02
